Method;Job;AnalyzeLaunchVariance;EvaluateOverhead;MaxAbsoluteError;MaxRelativeError;MinInvokeCount;MinIterationTime;OutlierMode;Affinity;EnvironmentVariables;Jit;LargeAddressAware;Platform;PowerPlanMode;Runtime;AllowVeryLargeObjects;Concurrent;CpuGroups;Force;HeapAffinitizeMask;HeapCount;NoAffinitize;RetainVm;Server;Arguments;BuildConfiguration;Clock;EngineFactory;NuGetReferences;Toolchain;IsMutator;InvocationCount;IterationCount;IterationTime;LaunchCount;MaxIterationCount;MaxWarmupIterationCount;MemoryRandomization;MinIterationCount;MinWarmupIterationCount;RunStrategy;UnrollFactor;WarmupCount;Keys;Chain;Mean;Error;StdDev;Ratio;RatioSD;Code Size;Allocated;Alloc Ratio
Lookup;net10;False;Default;Default;Default;Default;Default;Default;1111111111111111111111111111111111111111111111111111111111111111;Empty;RyuJit;Default;X64;8c5e7fda-e8bf-4a96-9a85-a6e23a8c635c;.NET 10.0;False;True;False;True;Default;Default;False;False;False;Default;Default;Default;Default;Default;net10;Default;Default;Default;Default;Default;Default;Default;Default;Default;Default;Default;16;Default;same;50;"3,225.3 ns";42.16 ns;39.44 ns;1.00;0.02;856 B;0 B;NA
Lookup;net8;False;Default;Default;Default;Default;Default;Default;1111111111111111111111111111111111111111111111111111111111111111;Empty;RyuJit;Default;X64;8c5e7fda-e8bf-4a96-9a85-a6e23a8c635c;.NET 10.0;False;True;False;True;Default;Default;False;False;False;Default;Default;Default;Default;Default;net8;Default;Default;Default;Default;Default;Default;Default;Default;Default;Default;Default;16;Default;same;50;"3,437.3 ns";26.77 ns;25.04 ns;1.07;0.01;398 B;0 B;NA
Lookup;net9;False;Default;Default;Default;Default;Default;Default;1111111111111111111111111111111111111111111111111111111111111111;Empty;RyuJit;Default;X64;8c5e7fda-e8bf-4a96-9a85-a6e23a8c635c;.NET 10.0;False;True;False;True;Default;Default;False;False;False;Default;Default;Default;Default;Default;net9;Default;Default;Default;Default;Default;Default;Default;Default;Default;Default;Default;16;Default;same;50;"3,491.1 ns";41.80 ns;39.10 ns;1.08;0.02;397 B;0 B;NA
Lookup;net10;False;Default;Default;Default;Default;Default;Default;1111111111111111111111111111111111111111111111111111111111111111;Empty;RyuJit;Default;X64;8c5e7fda-e8bf-4a96-9a85-a6e23a8c635c;.NET 10.0;False;True;False;True;Default;Default;False;False;False;Default;Default;Default;Default;Default;net10;Default;Default;Default;Default;Default;Default;Default;Default;Default;Default;Default;16;Default;same;101;"14,917.5 ns";176.83 ns;147.66 ns;1.00;0.01;855 B;0 B;NA
Lookup;net8;False;Default;Default;Default;Default;Default;Default;1111111111111111111111111111111111111111111111111111111111111111;Empty;RyuJit;Default;X64;8c5e7fda-e8bf-4a96-9a85-a6e23a8c635c;.NET 10.0;False;True;False;True;Default;Default;False;False;False;Default;Default;Default;Default;Default;net8;Default;Default;Default;Default;Default;Default;Default;Default;Default;Default;Default;16;Default;same;101;"15,665.6 ns";234.78 ns;219.61 ns;1.05;0.02;398 B;0 B;NA
Lookup;net9;False;Default;Default;Default;Default;Default;Default;1111111111111111111111111111111111111111111111111111111111111111;Empty;RyuJit;Default;X64;8c5e7fda-e8bf-4a96-9a85-a6e23a8c635c;.NET 10.0;False;True;False;True;Default;Default;False;False;False;Default;Default;Default;Default;Default;net9;Default;Default;Default;Default;Default;Default;Default;Default;Default;Default;Default;16;Default;same;101;"15,792.6 ns";235.51 ns;220.30 ns;1.06;0.02;397 B;0 B;NA
Lookup;net10;False;Default;Default;Default;Default;Default;Default;1111111111111111111111111111111111111111111111111111111111111111;Empty;RyuJit;Default;X64;8c5e7fda-e8bf-4a96-9a85-a6e23a8c635c;.NET 10.0;False;True;False;True;Default;Default;False;False;False;Default;Default;Default;Default;Default;net10;Default;Default;Default;Default;Default;Default;Default;Default;Default;Default;Default;16;Default;same;102;"1,180.5 ns";16.37 ns;18.20 ns;1.00;0.02;"1,268 B";0 B;NA
Lookup;net8;False;Default;Default;Default;Default;Default;Default;1111111111111111111111111111111111111111111111111111111111111111;Empty;RyuJit;Default;X64;8c5e7fda-e8bf-4a96-9a85-a6e23a8c635c;.NET 10.0;False;True;False;True;Default;Default;False;False;False;Default;Default;Default;Default;Default;net8;Default;Default;Default;Default;Default;Default;Default;Default;Default;Default;Default;16;Default;same;102;"1,894.6 ns";33.33 ns;31.17 ns;1.61;0.03;398 B;0 B;NA
Lookup;net9;False;Default;Default;Default;Default;Default;Default;1111111111111111111111111111111111111111111111111111111111111111;Empty;RyuJit;Default;X64;8c5e7fda-e8bf-4a96-9a85-a6e23a8c635c;.NET 10.0;False;True;False;True;Default;Default;False;False;False;Default;Default;Default;Default;Default;net9;Default;Default;Default;Default;Default;Default;Default;Default;Default;Default;Default;16;Default;same;102;"1,728.1 ns";18.44 ns;17.25 ns;1.46;0.03;404 B;0 B;NA
Lookup;net10;False;Default;Default;Default;Default;Default;Default;1111111111111111111111111111111111111111111111111111111111111111;Empty;RyuJit;Default;X64;8c5e7fda-e8bf-4a96-9a85-a6e23a8c635c;.NET 10.0;False;True;False;True;Default;Default;False;False;False;Default;Default;Default;Default;Default;net10;Default;Default;Default;Default;Default;Default;Default;Default;Default;Default;Default;16;Default;same;200;"2,306.4 ns";25.92 ns;24.25 ns;1.00;0.01;"1,272 B";0 B;NA
Lookup;net8;False;Default;Default;Default;Default;Default;Default;1111111111111111111111111111111111111111111111111111111111111111;Empty;RyuJit;Default;X64;8c5e7fda-e8bf-4a96-9a85-a6e23a8c635c;.NET 10.0;False;True;False;True;Default;Default;False;False;False;Default;Default;Default;Default;Default;net8;Default;Default;Default;Default;Default;Default;Default;Default;Default;Default;Default;16;Default;same;200;"3,439.0 ns";56.60 ns;50.18 ns;1.49;0.03;396 B;0 B;NA
Lookup;net9;False;Default;Default;Default;Default;Default;Default;1111111111111111111111111111111111111111111111111111111111111111;Empty;RyuJit;Default;X64;8c5e7fda-e8bf-4a96-9a85-a6e23a8c635c;.NET 10.0;False;True;False;True;Default;Default;False;False;False;Default;Default;Default;Default;Default;net9;Default;Default;Default;Default;Default;Default;Default;Default;Default;Default;Default;16;Default;same;200;"3,428.9 ns";55.93 ns;49.58 ns;1.49;0.03;404 B;0 B;NA
Lookup;net10;False;Default;Default;Default;Default;Default;Default;1111111111111111111111111111111111111111111111111111111111111111;Empty;RyuJit;Default;X64;8c5e7fda-e8bf-4a96-9a85-a6e23a8c635c;.NET 10.0;False;True;False;True;Default;Default;False;False;False;Default;Default;Default;Default;Default;net10;Default;Default;Default;Default;Default;Default;Default;Default;Default;Default;Default;16;Default;spread;50;303.1 ns;2.12 ns;1.65 ns;1.00;0.01;"1,044 B";0 B;NA
Lookup;net8;False;Default;Default;Default;Default;Default;Default;1111111111111111111111111111111111111111111111111111111111111111;Empty;RyuJit;Default;X64;8c5e7fda-e8bf-4a96-9a85-a6e23a8c635c;.NET 10.0;False;True;False;True;Default;Default;False;False;False;Default;Default;Default;Default;Default;net8;Default;Default;Default;Default;Default;Default;Default;Default;Default;Default;Default;16;Default;spread;50;588.1 ns;9.14 ns;8.10 ns;1.94;0.03;398 B;0 B;NA
Lookup;net9;False;Default;Default;Default;Default;Default;Default;1111111111111111111111111111111111111111111111111111111111111111;Empty;RyuJit;Default;X64;8c5e7fda-e8bf-4a96-9a85-a6e23a8c635c;.NET 10.0;False;True;False;True;Default;Default;False;False;False;Default;Default;Default;Default;Default;net9;Default;Default;Default;Default;Default;Default;Default;Default;Default;Default;Default;16;Default;spread;50;582.9 ns;7.99 ns;7.47 ns;1.92;0.03;404 B;0 B;NA
Lookup;net10;False;Default;Default;Default;Default;Default;Default;1111111111111111111111111111111111111111111111111111111111111111;Empty;RyuJit;Default;X64;8c5e7fda-e8bf-4a96-9a85-a6e23a8c635c;.NET 10.0;False;True;False;True;Default;Default;False;False;False;Default;Default;Default;Default;Default;net10;Default;Default;Default;Default;Default;Default;Default;Default;Default;Default;Default;16;Default;spread;101;616.1 ns;8.68 ns;8.12 ns;1.00;0.02;"1,044 B";0 B;NA
Lookup;net8;False;Default;Default;Default;Default;Default;Default;1111111111111111111111111111111111111111111111111111111111111111;Empty;RyuJit;Default;X64;8c5e7fda-e8bf-4a96-9a85-a6e23a8c635c;.NET 10.0;False;True;False;True;Default;Default;False;False;False;Default;Default;Default;Default;Default;net8;Default;Default;Default;Default;Default;Default;Default;Default;Default;Default;Default;16;Default;spread;101;"1,210.9 ns";20.03 ns;18.73 ns;1.97;0.04;398 B;0 B;NA
Lookup;net9;False;Default;Default;Default;Default;Default;Default;1111111111111111111111111111111111111111111111111111111111111111;Empty;RyuJit;Default;X64;8c5e7fda-e8bf-4a96-9a85-a6e23a8c635c;.NET 10.0;False;True;False;True;Default;Default;False;False;False;Default;Default;Default;Default;Default;net9;Default;Default;Default;Default;Default;Default;Default;Default;Default;Default;Default;16;Default;spread;101;"1,217.9 ns";13.44 ns;11.92 ns;1.98;0.03;404 B;0 B;NA
Lookup;net10;False;Default;Default;Default;Default;Default;Default;1111111111111111111111111111111111111111111111111111111111111111;Empty;RyuJit;Default;X64;8c5e7fda-e8bf-4a96-9a85-a6e23a8c635c;.NET 10.0;False;True;False;True;Default;Default;False;False;False;Default;Default;Default;Default;Default;net10;Default;Default;Default;Default;Default;Default;Default;Default;Default;Default;Default;16;Default;spread;102;623.1 ns;7.61 ns;7.12 ns;1.00;0.02;"1,044 B";0 B;NA
Lookup;net8;False;Default;Default;Default;Default;Default;Default;1111111111111111111111111111111111111111111111111111111111111111;Empty;RyuJit;Default;X64;8c5e7fda-e8bf-4a96-9a85-a6e23a8c635c;.NET 10.0;False;True;False;True;Default;Default;False;False;False;Default;Default;Default;Default;Default;net8;Default;Default;Default;Default;Default;Default;Default;Default;Default;Default;Default;16;Default;spread;102;"1,234.8 ns";15.13 ns;12.63 ns;1.98;0.03;398 B;0 B;NA
Lookup;net9;False;Default;Default;Default;Default;Default;Default;1111111111111111111111111111111111111111111111111111111111111111;Empty;RyuJit;Default;X64;8c5e7fda-e8bf-4a96-9a85-a6e23a8c635c;.NET 10.0;False;True;False;True;Default;Default;False;False;False;Default;Default;Default;Default;Default;net9;Default;Default;Default;Default;Default;Default;Default;Default;Default;Default;Default;16;Default;spread;102;"1,238.7 ns";22.93 ns;20.32 ns;1.99;0.04;404 B;0 B;NA
Lookup;net10;False;Default;Default;Default;Default;Default;Default;1111111111111111111111111111111111111111111111111111111111111111;Empty;RyuJit;Default;X64;8c5e7fda-e8bf-4a96-9a85-a6e23a8c635c;.NET 10.0;False;True;False;True;Default;Default;False;False;False;Default;Default;Default;Default;Default;net10;Default;Default;Default;Default;Default;Default;Default;Default;Default;Default;Default;16;Default;spread;200;"1,428.0 ns";12.64 ns;11.82 ns;1.00;0.01;"1,077 B";0 B;NA
Lookup;net8;False;Default;Default;Default;Default;Default;Default;1111111111111111111111111111111111111111111111111111111111111111;Empty;RyuJit;Default;X64;8c5e7fda-e8bf-4a96-9a85-a6e23a8c635c;.NET 10.0;False;True;False;True;Default;Default;False;False;False;Default;Default;Default;Default;Default;net8;Default;Default;Default;Default;Default;Default;Default;Default;Default;Default;Default;16;Default;spread;200;"2,599.4 ns";41.83 ns;39.13 ns;1.82;0.03;397 B;0 B;NA
Lookup;net9;False;Default;Default;Default;Default;Default;Default;1111111111111111111111111111111111111111111111111111111111111111;Empty;RyuJit;Default;X64;8c5e7fda-e8bf-4a96-9a85-a6e23a8c635c;.NET 10.0;False;True;False;True;Default;Default;False;False;False;Default;Default;Default;Default;Default;net9;Default;Default;Default;Default;Default;Default;Default;Default;Default;Default;Default;16;Default;spread;200;"2,561.2 ns";50.97 ns;54.54 ns;1.79;0.04;404 B;0 B;NA
